,Word
189,T-SHIRT
433,ACROPHOBIA
230,CARESSING
747,WATERISH
732,BEADING
568,OUTSPOKENNESS
4,PRETTY
504,CRANKILY
100,SMIRKING
227,ICE COLD
37,PORTRAIT
72,COLORED
138,SKYSCRAPER
711,SPONGED
43,BEAUTY
369,UNPADDED
129,EXPLODE
400,PARAPSYCHOLOGY
154,STEP STOOL
276,OILINESS
643,AROUSER
796,UNHAND
578,MALARIA
753,SNATCHING
251,MASSAGE
238,TUG
254,SOGGINESS
774,SUCK
318,SMOOTHNESS
266,PUNCH
662,PLEASURE
95,REARVIEW MIRROR
700,PINNED
549,UNREMARKED
599,CONTINENCE
67,PHOTO
278,SPONGY
309,ARMBAND
69,ART EXHIBITION
344,HEAT
101,GRAPHICAL
153,SEGREGATION
11,FACE
506,BIGHEARTED
52,ANIME
239,LUKEWARM
512,DREAMLAND
290,TOUCHED
166,FIREWOOD
508,PASTIME
364,FLESH
564,REVERSE GEAR
295,JOYSTICK
720,OAR
87,SUNDRESS
414,INCOMMUNICATIVENESS
49,PRINTOUT
632,ELECTRIFY
424,ELABORATION
589,EXPLICATIVE
468,UNPERSUASIVELY
617,DEXTEROUS
211,SOFTNESS
502,COMFORTINGLY
495,THEOLOGY
521,SMELLINESS
671,CASHBACK
689,THINLY
478,THUDDING
618,THIGHBONE
760,NECROPHILIA
759,PINCHER
13,VIEW
255,TEXTURED
726,PROBING
197,MAT
467,AFTERTIMES
323,SPANKING
763,SUGAR BEET
333,OUCH
17,PICTURES
798,MOUTHFUL
164,CREEK
627,TIGHTLY
389,WATER BED
676,KNOBLIKE
247,ELECTRICAL SHOCK
616,INDESTRUCTIBILITY
141,INCANDESCENCE
93,LION
243,CUSHIONY
686,HORNY
390,FOOTBATH
225,WET
562,POLYTHEISTIC
755,FAMILIAR
518,SENTIMENT
729,PRESSINGLY
717,SEPARABLE
36,BALLERINA
471,ADDITIVELY
79,MIRROR
24,LONGHAIRED
65,SHINE
114,WINDOWLESS
455,MALTY
331,FUZZY
666,CONSTRAIN
222,MAKE LOVE
581,DISTRESSFULNESS
258,STICKINESS
177,NIGHT
445,DAUGHTERLY
765,TUFT
201,PRICKLY
470,EXHALATION
647,SENSUALISTIC
377,HARDENING
231,COARSELY
325,SPIKY
698,LABIA
641,PUFFED
545,SATISFIED
104,FIREWORKS
629,TWITCHINGLY
179,COMIC STRIP
45,PINK
202,TOUCH
156,WEBCAM
257,FORNICATED
687,SCALDED
682,STAKE
438,FUNDAMENTAL
453,SUBATOMIC
259,HOLD
155,HELICOPTER
621,SEMISOLID
99,SUNFLOWER
604,HYMEN
481,CLAIRVOYANTLY
168,WATER FAUCET
786,WARPED
648,TAFFY
557,WHEREIN
406,HOWL
790,HYDROTHERMAL
631,SHAKEN
337,COLD
316,HIGH TEMPERATURE
718,REFOLD
778,STIMULATING
514,VICARIOUSLY
110,PRETTINESS
709,PENILE
655,RECTUM
668,PROCREATION
137,SECRETARY
356,GAS PEDAL
187,COLORFULNESS
640,KNITTING
88,ROADWORK
484,GRUMBLING
34,CARTOON
301,FEATHERINESS
291,WETNESS
94,PATCHWORK QUILT
386,THICK
29,BIOLUMINESCENCE
132,MARLIN
513,INDUBITABLENESS
113,TENT
242,PRICKING
619,TAG
241,HUGGING
268,FONDLING
405,JEOPARDY
596,HEREIN
489,UNSOUND
21,FOOTBALL GAME
237,ROUGHNESS
62,VISIBLY
26,VAN
388,SCALP
77,VISIBILITY
139,PICTOGRAPHY
229,SHARP
385,COLDNESS
740,SOWING
688,NONIRRITANT
23,VISIBLE
425,UNEXPLAINED
171,BASKETBALL PLAYER
262,GLOVE
724,DESIRABLY
343,TOUCHABLE
336,SWEATER
42,SNOWY
212,PETTED
775,DISENTANGLE
644,BULLWHIP
299,LUMPINESS
142,FUCHSIA
399,SPANK
38,CHOREOGRAPHY
339,ELASTIC BAND
82,HANDWRITTEN
779,REPOSITION
359,POKE AT
261,COARSENESS
497,MELODIC
128,FEMALE
86,DARKEN
277,SHAVED
416,HEREWITH
216,SILKY
569,EPICENTER
198,MEASURING CUP
321,HANDKERCHIEF
417,PESSIMISTIC
597,CHLORINATE
588,THUNDEROUS
551,LASTINGNESS
482,UNACCEPTED
435,INARTICULATE
209,FEEL
448,IRRELATIVE
480,NITRITE
706,IMPRECISION
754,WIELDABLE
275,FROZEN
457,INSATIABLY
396,SUNSCREEN
178,TOWBOAT
460,ALTHOUGH
474,DEDUCTIVE
714,CONDOLENCE
707,SHAKING
285,CHOPSTICKS
378,UNSCREWING
613,SIFTED
362,MOISTURIZE
715,HEFTY
678,CLAWED
172,ENORMOUS
748,BULGINESS
117,SWASTIKA
121,WEBBROWSER
214,FURRINESS
452,SUBLANGUAGE
447,CONDESCENDENCE
324,COARSE
252,PULL
432,OBJECTIVISM
403,EXCRETIVE
326,TICKLING
357,CUSHION
271,GRIPPING
434,LONG TERM
636,CONDITIONER
624,HOIST
10,YOUTUBE
54,RACOON
750,TORQUE
731,REFRIGERATE
782,GLOP
140,OVERCAST
752,CATHETER
541,NONDAIRY
642,THERMODYNAMICALLY
572,OPT
205,RUB
14,INTERNET SITE
297,FELT
463,MANIPULATOR
152,HAIRLESS
280,LUBRICATION
737,TWEEZE
184,VISION
560,AUDIBLY
192,UNDERDRESSED
669,GUSTY
419,ALLERGIC
561,PARTICULARIZATION
341,FOOTSY
766,POCKETFUL
150,DAYCARE
418,NAY
519,HOGGISHLY
454,CAPITALISTIC
493,HEEHAW
161,FLOWER GARDEN
586,UNFERTILE
144,DAYLIGHT
169,NUDITY
611,THYME
756,UNLOOSEN
527,IONIZATION
555,KEEP
380,MOIST
375,GENTLY
769,FORCELESS
570,RAVENOUS
147,DARKNESS
679,PRICKS
473,INVENTIVELY
456,POLYTECHNICS
220,SMOOTHLY
174,FRUMPY
267,KISSING
75,PALMTREE
483,SWOONED
659,HARDBOUND
645,SIDES
412,UNFOUNDED
6,WIKIPEDIA
664,BOUNCINESS
226,SPONGINESS
215,PUTTYLIKE
98,POSTMAN
248,CARESS
105,GIANTESS
695,UNMIXABLE
118,TELECAST
206,RUBDOWN
112,ILLUSTRATION
528,HOLINESS
304,SEAT
19,BUS DRIVER
426,DETOXIFIER
393,WETTER
382,TICKLE
7,COLORS
160,CEREAL BOWL
351,SLIPPERINESS
646,TUCK
46,TRAFFIC SIGNAL
634,DEEPFREEZE
423,INFURIATING
310,GOOEY
550,UNEASINESS
466,SOPHISTICATE
450,INSIDIOUSLY
363,ELECTRIC SHOCK
293,HANDRAIL
603,KNOCKER
614,HURTING
217,POKE
376,STRANGLE
123,SHIRT
548,PAROLE
199,HUMAN
422,BANK HOLIDAY
2,BAR CODE
394,SOAP
559,NEUROMUSCULAR
735,PAINTBALL
28,CREATURE
712,BEVEL
533,RECONCILER
685,ELECTROTHERAPY
20,COLOR
31,IMAGE
598,INDEPENDENTLY
575,DEPRIVE
491,SCRUPLE
347,SLIME
476,SAVORY
81,SCENIC
494,NOSING
381,LINEN
741,REMOVABLE
9,SIGHT
322,HOT
410,BLACKHEART
170,ORNAMENT
563,JET LAG
440,NEWFOUND
783,REFLEXOLOGY
102,NIGHTLIGHT
270,SLICKNESS
530,BITTERNESS
315,BLISTER
354,THIGH
349,BACKSLAP
143,MASTERPIECE
61,GLEAM
269,MASTURBATION
620,BOP
667,MACE
458,OVERFED
115,LOOK AROUND
85,SEEABLE
48,BASEBALL
703,INTIMATELY
360,RIGIDNESS
136,YARD
133,TEXT MESSAGE
361,QUILT
340,WOOL
451,OBSCURELY
